SPAN = 4600 mm,,,,,,,,,,,,,
DEPTH,D/D,E/D,E/E,F/E,F/F,G/F,G/G,H/G,H/H,K/H,K/K,L/K,L/L
350,"20.60
11.39
11.76","24.73
12.08
12.65","25.03
12.87
13.13","28.18
13.67
13.83","29.77
14.63
14.52","32.26
15.45
15.32","34.38
16.25
15.90","36.09
17.16
16.67","37.12
17.87
17.17","37.12
18.90
17.85","37.12
19.50
18.40","37.12
20.70
19.06","37.12
21.25
19.58"
400,"24.02
15.38
11.96","28.84
16.27
12.90","29.19
17.41
13.37","32.86
18.42
14.21","34.72
19.78
14.77","37.61
20.79
15.49","40.09
21.98
16.14","41.07
23.09
16.92","41.07
24.17
17.42","41.07
25.40
18.11","41.07
26.37
18.66","41.07
27.82
19.31","41.07
28.74
19.83"
450,"27.39
19.93
12.48","32.88
21.09
13.07","33.29
22.56
13.55","37.47
23.88
14.49","39.59
25.63
15.05","42.89
26.95
15.77","44.12
28.48
16.48","44.12
29.91
17.10","44.12
31.33
17.60","44.12
32.89
18.29","44.12
34.18
18.83","44.12
35.99
19.49","44.12
37.24
20.01"
SPAN= 4900 mm,,,,,,,,,,,,,
DEPTH,D/D,E/D,E/E,F/E,F/F,G/F,G/G,H/G,H/H,K/H,K/K,L/K,L/L
350,"18.10
9.39
11.53","21.73
9.95
12.31","22.00
10.61
12.76","24.77
11.27
13.51","26.17
12.05
14.04","28.35
12.73
14.83","28.85
13.39
15.50","28.85
14.14
16.12","28.85
14.73
16.59","28.85
15.57
17.28","28.85
16.07
17.79","28.85
17.06
18.44","28.85
17.51
18.94"
400,"21.11
12.68
11.71","25.35
13.40
12.59","25.65
14.34
13.04","28.88
15.18
13.74","30.51
16.30
14.26","32.50
17.13
15.11","32.50
18.11
15.64","32.50
19.02
16.27","32.50
19.92
16.74","32.50
20.93
17.42","32.50
21.73
17.94","32.50
22.92
18.59","32.50
23.68
19.08"
450,"24.07
16.42
12.15","28.90
17.38
12.75","29.25
18.59
13.19","32.93
19.68
13.89","34.79
21.12
14.65","35.79
22.20
15.36","35.79
23.47
15.90","35.79
24.64
16.52","35.79
25.81
16.99","35.79
27.10
17.68","35.79
28.16
18.19","35.79
29.66
18.85","35.79
30.68
19.34"
SPAN= 5200 mm,,,,,,,,,,,,,
DEPTH,D/D,E/D,E/E,F/E,F/F,G/F,G/G,H/G,H/H,K/H,K/K,L/K,L/L
350,"16.04
7.83
11.30","19.25
8.30
11.90","19.49
8.84
12.49","21.94
9.39
13.24","23.14
10.05
13.74","23.14
10.61
14.45","23.14
11.16
14.95","23.14
11.79
15.58","23.14
12.28
16.02","23.14
12.98
16.71","23.14
13.40
17.19","23.14
14.22
17.84","23.14
14.60
18.31"
400,"18.70
10.57
11.47","22.45
11.17
12.33","22.73
11.96
12.75","25.58
12.65
13.45","26.34
13.59
13.94","26.34
14.28
14.66","26.34
15.10
15.16","26.34
15.86
15.79","26.34
16.61
16.23","26.34
17.45
16.91","26.34
18.12
17.40","26.34
19.11
16.05","26.34
19.74
18.51"
450,"21.33
13.69
11.69","25.60
14.49
12.47","25.91
15.50
12.89","29.17
16.40
13.59","29.32
17.61
14.09","29.32
18.51
14.80","29.32
19.56
15.30","29.32
20.55
15.93","29.32
21.52
16.37","29.32
22.59
17.05","29.32
23.48
17.54","29.32
24.73
18.69","29.32
25.88
18.66"
SPAN= 5500 mm,,,,,,,,,,,,,
DEPTH,D/D,E/D,E/E,F/E,F/F,G/F,G/G,H/G,H/H,K/H,K/K,L/K,L/L
350,"14.31
6.59
11.29","17.17
6.99
11.88","17.38
7.45
12.28","19.04
7.91
12.98","19.04
8.46
13.44","19.04
8.94
14.16","19.04
9.40
14.63","19.04
9.93
15.26","19.04
10.34
15.68","19.04
10.94
16.36","19.04
11.28
16.82","19.04
11.98
17.47","19.04
12.30
17.91"
400,"16.68
8.90
11.39","20.03
9.41
12.04","20.27
10.07
12.44","21.82
10.66
13.31","21.82
11.45
13.78","21.82
12.03
14.49","21.82
12.72
14.97","21.82
13.36
15.59","21.82
13.99
16.01","21.82
14.70
16.69","21.82
15.26
17.15","21.82
16.10
17.81","21.82
16.63
18.24"
450,"19.02
11.54
11.57","22.84
12.20
12.37","23.11
13.06
12.95","24.45
13.82
13.65","24.45
14.83
14.11","24.45
15.59
14.83","24.45
16.48
15.30","24.45
17.31
15.93","24.45
18.13
16.35","24.45
19.03
17.03","24.45
19.78
17.49","24.45
20.83
18.14","24.45
21.55
18.58"
SPAN = 6100 mm,,,,,,,,,,,,,
DEPTH,D/D,E/D,E/E,F/E,F/F,G/F,G/G,H/G,H/H,K/H,K/K,L/K,L/L
350,"11.59
4.81
11.32","13.91
5.10
12.28","14.08
5.43
12.76","15.85
5.77
13.46","16.75
6.17
14.02","18.14
6.52
14.73","19.34
6.85
15.30","20.20
7.24
16.04","20.95
7.54
16.70","22.00
7.97
17.50","22.44
8.23
18.05","22.44
8.73
18.70","22.44
8.96
19.23"
400,"13.51
6.49
11.43","16.22
6.86
12.40","16.42
7.34
12.87","18.48
7.77
13.65","19.53
8.35
14.21","21.16
8.77
14.92","22.55
9.27
15.69","23.68
9.74
16.42","24.43
10.20
17.03","25.27
10.72
17.72","25.27
11.13
18.26","25.27
11.72
18.92","25.27
12.12
19.44"
450,"15.41
8.41
11.64","18.50
8.90
12.70","18.72
9.52
13.18","21.08
10.07
13.88","22.27
10.81
14.44","24.13
11.37
15.27","25.71
12.01
15.95","27.00
12.62
16.69","27.84
13.22
17.19","27.84
13.88
17.88","27.84
14.42
18.43","27.84
15.19
19.08","27.84
15.71
19.60"
500,"17.30
10.58
12.04","20.77
11.23
12.86","21.03
11.98
13.34","23.67
12.68
14.16","25.01
13.61
14.72","27.10
14.31
15.56","28.88
15.12
16.26","30.11
16.87
16.88","30.11
16.66
17.38","30.11
17.45
18.07","30.11
18.14
18.62","30.11
19.09
19.27","30.11
19.77
19.80"
550,"19.20
13.00
12.20","23.05
13.79
13.03","23.33
14.72
13.64","26.26
15.59
14.48","27.75
16.72
15.16","40.06
17.58
16.00","32.04
18.58
16.70","32.12
19.50
17.33","32.12
20.44
17.83","32.12
21.43
18.51","32.12
22.29
19.06","32.12
23.44
19.71","32.12
24.29
20.24"
600,"21.28
15.95
12.80","25.54
16.89
13.67","25.86
18.05
14.14","29.11
19.13
14.97","30.75
20.51
15.53","33.09
21.57
16.37","33.09
22.79
16.95","33.09
23.92
17.57","33.09
25.07
18.07","33.09
26.28
18.76","33.09
27.35
19.30","33.09
28.72
19.96","33.09
29.80
20.48"
SPAN = 6700 mm,,,,,,,,,,,,,
DEPTH,D/D,E/D,E/E,F/E,F/F,G/F,G/G,H/G,H/H,K/H,K/K,L/K,L/L
350,"9.58
3.61
11.07","11.50
3.83
11.93","11.64
4.08
12.36","13.10
4.33
13.06","13.84
4.64
13.57","14.99
4.90
14.42","15.03
5.15
14.94","15.03
5.44
15.57","15.03
5.67
16.02","15.03
5.99
16.71","15.03
6.18
17.20","15.03
6.56
17.86","15.03
6.72
18.33"
400,"11.17
4.88
11.44","13.41
5.16
12.03","13.57
5.52
12.47","15.27
5.84
13.17","16.14
6.27
13.81","17.23
6.59
14.60","17.23
6.97
15.12","17.23
7.32
15.74","17.23
7.66
16.20","17.23
8.05
16.88","17.23
8.36
17.38","17.23
8.82
18.04","17.23
9.11
18.51"
450,"12.73
6.32
11.55","15.29
6.68
12.23","15.47
7.15
12.66","17.42
7.57
13.51","18.40
8.12
14.02","19.30
8.54
14.73","19.30
9.03
15.25","19.30
9.48
15.88","19.30
9.93
16.33","19.30
10.43
17.01","19.30
10.83
17.51","19.30
11.41
18.17","19.30
11.80
18.64"
500,"14.30
7.95
11.77","17.17
8.43
12.52","17.38
9.00
13.13","19.56
9.53
13.83","20.67
10.22
14.34","21.25
10.75
15.05","21.25
11.36
15.57","21.26
11.92
16.20","21.25
12.52
16.65","21.25
13.11
17.34","21.25
13.63
17.84","21.25
14.34
18.49","21.25
14.85
18.97"
550,"15.87
9.77
12.11","19.05
10.36
12.86","19.28
11.06
13.30","21.70
11.72
14.00","22.93
12.56
14.50","23.08
13.21
15.35","23.08
13.96
15.87","23.08
14.65
16.50","23.08
15.35
16.95","23.08
16.10
17.64","23.08
16.75
18.13","23.08
17.61
18.79","23.08
13.25
19.26"
600,"17.59
11.98
12.29","21.11
12.69
13.20","21.37
13.56
13.64","24.05
14.38
14.46","24.79
15.41
14.97","25.79
16.21
15.68","24.79
17.12
16.20","24.79
17.97
16.82","24.79
18.83
17.28","24.79
19.74
17.96","24.79
20.55
18.46","24.79
21.58
19.12","24.79
22.39
19.59"
650,"19.15
14.20
12.80","22.99
15.04
13.53","23.27
16.07
13.96","26.20
17.04
14.79","26.37
18.26
15.30","26.37
19.21
16.02","26.37
20.29
16.54","26.37
21.29
17.16","26.37
22.32
17.62","26.37
23.38
18.30","26.37
24.35
18.80","26.37
25.56
19.45","26.37
26.37
19.93"
SPAN = 7300 mm,,,,,,,,,,,,,
DEPTH,D/D,E/D,E/E,F/E,F/F,G/F,G/G,H/G,H/H,K/H,K/K,L/K,L/L
350,"8.05
2.78
11.28","9.66
2.95
11.96","9.78
3.14
12.45","11.01
3.34
13.28","11.63
3.57
14.04","12.60
3.77
14.84","13.43
3.97
15.44","14.10
4.19
16.06","14.55
4.36
16.59","15.28
4.61
17.27","16.31
4.76
18.02","17.14
5.05
18.67","18.36
5.19
19.22"
400,"9.38
3.76
11.38","11.26
2.97
12.06","11.40
4.25
12.56","12.84
4.50
13.66","13.56
4.83
14.25","14.69
5.08
14.96","15.66
5.37
15.56","16.44
5.64
16.27","16.96
5.90
16.79","17.82
6.20
17.66","19.02
6.44
18.23","19.99
6.79
18.88","20.68
7.02
19.43"
450,"10.70
4.87
11.49","12.85
5.15
12.31","13.00
5.51
12.81","14.64
5.83
13.89","15.46
6.26
14.48","16.75
6.58
15.19","17.86
6.95
15.79","18.75
7.30
16.48","19.34
7.65
17.19","20.32
8.03
17.88","21.69
8.34
18.45","22.78
8.79
19.10","22.78
9.09
19.65"
500,"12.02
6.12
11.73","14.43
6.50
12.66","14.60
6.93
13.16","16.44
7.34
14.12","17.37
7.87
14.71","18.82
8.28
15.42","20.05
8.75
16.02","21.06
9.18
16.75","21.72
9.64
17.27","22.82
10.10
17.95","24.36
10.50
18.66","24.63
11.05
19.31","24.63
11.44
19.86"
550,"13.33
7.53
12.06","16.01
7.98
13.10","16.20
8.52
13.60","18.24
9.02
14.30","19.27
9.68
14.88","20.88
10.18
15.59","22.25
10.75
16.39","23.36
11.29
17.18","24.10
11.83
17.70","25.32
12.40
18.53","26.28
12.90
19.10","26.28
13.56
19.76","26.28
14.06
20.30"
600,"14.78
9.23
12.50","17.74
9.78
13.30","17.96
10.45
13.79","20.21
11.07
14.68","21.36
11.87
15.26","23.14
12.48
16.08","24.66
13.19
16.90","25.89
13.84
17.67","26.71
14.51
18.19","27.08
15.21
18.88","27.08
15.83
19.45","27.08
16.62
20.10","27.08
17.24
20.65"
650,"16.09
10.94
12.68","19.32
11.59
13.69","19.56
12.38
14.18","22.01
13.13
15.01","23.26
14.06
15.70","25.20
14.79
16.68","26.85
15.63
17.28","27.08
16.40
17.90","27.08
17.19
18.43","27.08
18.01
19.11","27.08
18.75
19.68","27.08
19.69
20.34","27.08
20.44
20.88"
SPAN = 7900 mm,,,,,,,,,,,,,
DEPTH,D/D,E/D,E/E,F/E,F/F,G/F,G/G,H/G,H/H,K/H,K/K,L/K,L/L
350,"6.86
2.19
11.15","8.23
2.32
11.74","8.33
2.47
12.20","9.38
2.63
13.12","9.91
2.81
13.66","10.74
2.97
14.37","11.44
3.12
15.04","12.01
3.30
15.75","12.40
3.43
16.23","12.42
3.63
16.91","12.42
3.74
17.44","12.42
3.98
18.10","12.42
4.08
18.60"
400,"8.00
2.95
11.25","9.60
3.12
12.07","9.72
3.34
12.52","10.94
3.54
13.22","11.56
3.80
13.76","12.52
3.99
14.59","13.34
4.22
15.23","14.01
4.43
15.86","14.23
4.64
16.34","14.23
4.88
17.02","14.23
5.06
17.55","14.23
5.34
18.20","14.23
5.52
18.71"
450,"9.12
3.83
11.36","10.95
4.05
12.18","11.08
4.38
12.64","12.47
4.59
13.34","13.18
4.92
14.09","14.28
5.17
14.90","15.21
5.47
15.45","15.95
5.74
16.07","15.95
6.02
16.55","15.95
6.32
17.24","15.95
6.56
17.76","15.95
6.91
18.42","15.95
7.15
18.92"
500,"10.24
4.82
11.47","12.29
5.11
12.41","12.44
5.45
12.87","14.01
5.77
13.79","14.80
6.19
14.33","16.03
6.51
15.04","17.09
6.88
15.59","17.56
7.22
16.37","17.56
7.59
16.85","17.56
7.94
17.54","17.56
8.26
18.06","17.56
8.69
18.72","17.56
9.00
19.22"
550,"11.36
5.92
11.72","13.64
6.28
12.55","13.81
6.70
13.14","15.54
7.10
14.11","16.42
7.61
14.65","17.79
8.00
15.36","18.96
8.46
15.91","19.07
8.88
16.54","19.07
9.30
17.02","19.07
9.75
17.70","19.07
10.15
18.23","19.07
10.67
18.88","19.07
11.06
19.39"
600,"12.59
7.26
12.13","15.12
7.69
13.14","15.30
8.22
13.60","17.22
8.71
14.30","18.20
9.34
14.84","19.72
9.82
15.72","20.48
10.37
16.27","20.48
10.89
16.90","20.48
11.41
17.38","20.48
11.96
18.06","20.48
12.45
18.59","20.48
13.07
19.24","20.48
13.56
19.75"
650,"13.71
8.60
12.62","16.46
9.11
13.32","16.66
9.74
13.78","18.76
10.32
14.67","19.82
11.06
15.21","21.47
11.64
15.92","21.79
12.29
16.47","21.79
12.90
17.10","21.79
13.52
17.58","21.79
14.17
18.26","21.79
14.75
18.79","21.79
15.49
19.44","21.79
16.07
19.95"
700,"14.83
10.06
12.92","17.81
10.68
13.72","18.03
11.39
14.18","20.29
12.08
14.87","21.44
12.94
15.41","22.99
13.61
16.35","22.99
14.37
16.90","22.99
15.08
17.53","22.99
15.81
18.01","22.99
16.56
18.69","22.99
17.25
19.22","22.99
18.10
19.87","22.99
18.80
20.38"
SPAN = 8500 mm,,,,,,,,,,,,,
DEPTH,D/D,E/D,E/E,F/E,F/F,G/F,G/G,H/G,H/H,K/H,K/K,L/K,L/L
350,"5.91
1.75
11.32","7.10
1.86
11.91","7.18
1.98
12.42","8.09
2.10
13.19","8.54
2.25
13.87","9.26
2.37
14.69","9.87
2.50
15.46","10.36
2.64
16.08","10.69
2.75
16.62","11.23
2.91
17.30","11.98
3.00
17.97","12.59
3.18
18.63","13.82
3.27
19.26"
400,"6.89
2.37
11.42","8.28
2.50
12.01","8.38
2.68
12.52","9.43
2.83
13.38","9.96
3.04
14.09","10.79
3.20
14.96","11.50
3.38
15.57","12.08
2.55
16.20","12.46
3.72
16.73","13.09
3.91
17.42","13.98
4.05
18.09","14.69
4.28
18.91","16.12
4.42
19.58"
450,"7.86
3.06
11.53","9.44
3.24
12.13","9.55
3.47
12.64","10.75
3.67
13.61","11.36
3.94
14.21","12.31
4.14
15.09","13.12
4.38
15.81","13.77
4.60
16.43","14.21
4.82
16.97","14.93
5.06
17.74","15.94
5.25
18.40","16.75
5.53
19.17","18.38
5.73
19.79"
500,"8.83
3.86
11.65","10.60
4.09
12.42","10.73
4.36
12.93","12.08
4.62
13.87","12.76
4.96
14.63","13.82
5.21
15.35","14.73
5.51
15.96","15.47
5.78
16.65","15.96
6.07
17.19","16.76
6.36
17.96","17.90
6.61
18.66","18.81
6.96
19.32","20.64
7.20
20.00"
550,"9.80
4.74
11.92","11.76
5.03
12.81","11.90
5.36
13.33","13.40
5.68
14.27","14.16
6.09
14.87","15.34
6.41
15.58","16.35
6.77
16.19","17.16
7.11
16.91","17.71
7.45
17.65","18.60
7.81
18.34","19.86
8.12
18.92","20.87
8.54
19.58","22.24
8.85
20.44"
600,"10.86
5.81
12.19","13.03
6.16
13.08","13.19
6.58
13.59","14.85
6.97
14.46","15.69
7.47
15.06","17.00
7.86
15.77","18.12
8.30
16.70","19.02
8.72
17.52","19.63
9.14
18.06","20.61
9.58
18.74","22.01
9.97
19.33","22.91
10.47
19.98","22.91
10.86
20.54"
650,"11.82
6.89
12.66","14.19
7.30
13.25","14.37
7.80
13.76","16.17
8.27
14.65","17.09
8.86
15.46","18.51
9.32
16.40","19.73
9.84
17.11","20.72
10.33
17.74","21.38
10.83
18.27","22.45
11.34
19.06","22.91
11.81
19.65","22.91
12.40
20.31","22.91
12.87
20.87"
700,"12.79
8.06
12.84","15.36
8.55
13.86","15.54
9.12
14.37","17.50
9.67
15.21","18.49
10.36
15.81","20.03
10.89
16.84","21.35
11.51
17.45","22.41
12.08
18.08","22.91
12.66
18.72","22.91
13.26
19.40","22.91
13.81
19.99","22.91
14.49
20.64","22.91
15.05
21.20"
750,"13.76
9.32
13.29","16.52
9.87
14.08","16.72
10.54
14.59","18.82
11.18
15.76","19.88
11.98
16.36","21.54
12.60
17.08","22.91
13.31
17.80","22.91
13.96
18.42","22.91
14.64
18.96","22.91
15.33
19.64","22.91
15.97
20.23","22.91
16.75
20.89","22.91
17.40
21.45"
800,"14.82
10.80
13.53","17.79
11.45
14.61","18.01
12.22
15.12","20.27
12.97
16.03","21.42
13.89
16.74","22.91
14.61
17.46","22.91
15.43
18.07","22.91
16.19
18.70","22.91
16.97
19.23","22.91
17.77
19.92","22.91
18.52
20.50","22.91
19.41
21.16","22.91
20.18
21.72"
SPAN = 9100 mm,,,,,,,,,,,,,
DEPTH,D/D,E/D,E/E,F/E,F/F,G/F,G/G,H/G,H/H,K/H,K/K,L/K,L/L
350,"5.15
1.42
11.03","6.18
1.51
11.79","6.26
1.61
12.27","7.04
1.71
12.97","7.44
1.83
13.72","8.06
1.93
14.44","8.59
2.03
15.08","9.02
2.15
15.81","9.31
2.23
16.31","9.78
2.36
16.99","10.44
2.44
17.54","10.58
2.59
18.20","10.58
2.66
18.72"
400,"6.01
1.92
11.21","7.21
2.03
11.80","7.30
2.18
12.37","8.21
2.30
13.27","8.68
2.47
13.83","9.40
2.60
14.62","10.02
2.75
15.29","10.52
2.89
15.92","10.86
3.02
16.42","11.40
3.18
17.10","12.12
3.30
17.65","12.12
3.48
18.30","12.12
3.59
18.83"
450,"6.85
2.49
11.41","8.22
2.64
12.20","8.32
2.82
12.68","9.37
2.99
13.38","9.90
3.20
14.02","10.72
3.37
14.84","11.43
3.56
15.41","12.00
3.74
16.04","12.38
3.92
16.64","13.00
4.11
17.32","13.58
4.27
17.87","13.58
4.50
18.52","13.58
4.66
19.05"
500,"7.69
3.14
11.53","9.23
3.33
12.33","9.35
3.55
12.80","10.52
3.76
13.70","11.11
4.03
14.37","12.04
4.24
15.08","12.83
4.48
15.66","13.48
4.70
16.28","13.90
4.94
16.78","14.60
5.17
17.46","14.96
5.37
18.01","14.96
5.66
18.67","14.96
5.86
19.19"
550,"8.53
3.85
11.66","10.24
4.09
12.67","10.37
4.36
13.15","11.67
4.62
13.96","12.33
4.95
14.52","13.36
5.21
15.24","14.24
5.50
15.81","14.95
5.78
16.50","15.43
6.06
17.00","16.20
6.35
17.76","16.24
6.61
18.31","16.24
6.94
18.96","16.24
7.20
19.49"
600,"9.46
4.73
11.95","11.35
5.01
12.96","11.49
5.35
13.44","12.94
5.67
14.21","13.67
6.08
14.77","14.81
6.39
15.57","15.78
6.75
16.14","16.57
7.09
16.77","17.10
7.43
17.27","17.44
7.79
17.95","17.44
8.10
18.50","17.44
8.51
19.15","17.44
8.83
19.68"
650,"10.30
5.60
12.20","12.36
5.93
13.30","12.52
6.34
13.77","14.09
6.72
14.47","14.89
7.20
15.03","16.13
7.57
15.75","17.19
8.00
16.52","18.05
8.40
17.27","18.56
8.80
17.86","18.56
9.22
18.54","18.56
9.60
19.09","18.56
10.08
19.74","18.56
10.46
20.27"
700,"11.14
6.55
12.67","13.38
6.95
13.48","13.54
7.41
13.96","15.24
7.86
14.88","16.10
8.42
15.44","17.45
8.86
16.28","18.59
9.36
16.86","19.52
9.82
17.67","19.59
10.29
18.17","19.59
10.78
18.85","19.59
11.23
19.40","19.59
11.78
20.04","19.59
12.24
20.58"
750,"11.98
7.58
12.86","14.39
8.02
13.92","14.56
8.57
14.39","16.39
9.09
15.09","17.32
9.74
15.79","18.77
10.24
16.69","20.00
10.82
17.38","20.54
11.35
18.00","20.54
11.90
18.51","20.54
12.46
19.19","20.54
12.98
19.74","20.54
13.62
20.39","20.54
14.15
20.92"
800,"12.91
8.78
13.33","15.50
9.31
14.15","15.69
9.94
14.63","17.66
10.54
15.59","18.66
11.29
16.25","20.21
11.88
17.19","21.41
12.54
17.87","21.41
13.16
18.49","21.41
13.80
19.00","21.41
14.45
19.68","21.41
15.05
20.23","21.41
15.78
20.88","21.41
16.40
21.41"
850,"13.75
9.96
14.04","16.51
10.56
14.78","16.71
11.27
15.26","18.81
11.96
16.17","19.87
12.81
16.73","21.53
13.46
17.55","22.06
14.23
18.12","22.06
14.93
18.75","22.06
15.65
19.25","22.06
16.38
19.93","22.06
17.08
20.48","22.06
17.90
21.14","22.06
18.61
21.66"
900,"14.59
11.22
14.28","17.52
11.89
15.03","17.73
12.69
15.50","19.96
13.47
16.42","21.09
14.42
17.09","22.06
15.17
17.81","22.06
16.02
18.38","22.06
16.81
19.01","22.06
17.62
19.51","22.06
18.45
20.19","22.06
19.23
20.74","22.06
20.15
21.39","22.06
20.95
21.92"
SPAN = 9800 mm,,,,,,,,,,,,,
DEPTH,D/D,E/D,E/E,F/E,F/F,G/F,G/G,H/G,H/H,K/H,K/K,L/K,L/L
350,"4.53
1.17
11.28","5.43
1.24
11.94","5.50
1.33
12.46","6.19
1.41
13.16","6.54
1.51
13.77","7.09
1.59
14.62","7.55
1.67
15.34","7.93
1.77
15.96","8.18
1.84
16.64","8.59
1.95
17.33","9.18
2.01
17.93","9.64
2.13
18.58","10.58
2.19
19.23"
400,"5.28
1.58
11.45","6.34
1.68
12.04","6.41
1.79
12.56","7.22
1.90
13.34","7.63
2.04
13.95","8.26
2.14
14.82","8.81
2.26
15.45","9.25
2.38
16.21","9.54
2.49
16.76","10.02
2.62
17.44","10.70
2.72
18.04","11.24
2.86
18.77","12.34
2.96
19.50"
450,"6.02
2.05
11.56","7.23
2.17
12.16","7.31
2.32
12.68","8.23
2.46
13.45","8.70
2.64
14.13","9.42
2.78
14.94","10.04
2.93
15.57","10.55
3.08
16.33","10.88
3.23
16.88","11.43
3.39
17.57","12.20
3.52
18.35","12.82
3.71
19.11","14.07
3.84
19.82"
500,"6.76
2.58
11.68","8.11
2.74
12.35","8.21
2.92
12.88","9.25
3.10
13.75","9.77
3.32
14.36","10.58
3.49
15.20","11.28
3.69
15.97","11.84
3.87
16.60","12.22
4.07
17.15","12.83
4.26
17.83","13.70
4.43
18.61","14.40
4.66
19.34","15.80
4.83
19.97"
550,"7.50
3.18
11.81","9.00
3.37
12.63","9.11
3.59
13.15","10.26
3.81
14.03","10.84
4.08
14.65","11.74
4.29
15.51","12.52
4.54
16.13","13.14
4.76
16.82","13.56
4.99
17.37","14.24
5.23
18.32","15.20
5.44
18.99","15.98
5.72
19.65","17.53
5.93
20.22"
600,"8.31
3.89
12.21","9.98
4.12
12.99","10.10
4.41
13.51","11.37
4.67
14.28","12.01
5.01
14.89","13.02
5.27
15.76","13.87
5.56
16.50","14.56
5.84
17.21","15.03
6.12
17.84","15.78
6.41
18.60","16.85
6.68
19.20","17.71
7.01
20.06","19.43
7.28
20.75"
650,"9.05
4.61
12.37","10.87
4.89
13.24","11.00
5.22
13.76","12.38
5.54
14.48","13.08
5.93
15.23","14.17
6.24
16.15","15.11
6.59
16.77","15.86
6.92
17.79","16.37
7.25
18.34","17.19
7.60
19.02","18.35
7.91
19.62","19.28
8.31
20.39","19.86
8.62
20.97"
700,"9.79
5.40
12.82","11.76
5.73
13.42","11.90
6.11
13.94","13.40
6.48
14.81","14.15
6.94
15.63","15.33
7.30
16.68","16.34
7.71
17.39","17.16
8.09
18.02","17.70
8.48
18.56","18.60
8.88
19.25","19.85
9.25
20.07","19.86
9.71
20.72","19.86
10.08
21.30"
750,"10.53
6.24
13.01","12.65
6.61
13.61","12.80
7.06
14.13","14.41
7.49
15.49","15.22
8.02
16.10","16.49
8.44
17.00","17.58
8.91
17.73","18.46
9.35
18.35","19.04
9.81
18.90","19.86
10.27
19.71","19.86
10.70
20.31","19.86
11.22
20.97","19.86
11.66
21.54"
800,"11.35
7.24
13.52","13.62
7.67
14.52","13.79
8.19
15.04","15.52
8.69
15.95","16.40
9.30
16.66","17.77
9.79
17.37","18.93
10.34
18.00","19.86
10.84
18.75","19.86
11.37
19.30","19.86
11.90
19.99","19.86
12.40
20.58","19.86
13.01
21.24","19.86
13.52
21.81"
850,"12.09
8.21
13.86","14.51
8.70
14.88","14.69
9.29
15.40","16.53
9.86
16.29","17.47
10.55
16.91","18.93
11.09
17.62","19.86
11.73
18.38","19.86
12.30
19.01","19.86
12.90
19.56","19.86
13.50
20.24","19.86
14.07
20.84","19.86
14.75
21.49","19.86
15.33
22.07"
900,"12.83
9.24
14.34","15.40
9.80
15.33","15.59
10.46
15.85","17.55
11.10
16.55","18.54
11.88
17.16","19.86
12.50
18.02","19.86
13.20
18.64","19.86
13.85
19.27","19.86
14.52
19.81","19.86
15.20
20.50","19.86
15.84
21.10","19.86
16.60
21.75","19.86
17.26
22.33"
950,"13.57
10.34
14.77","16.29
10.96
15.58","16.49
11.70
16.10","18.56
12.42
16.80","19.61
13.29
17.56","19.86
13.98
18.28","19.86
14.77
18.90","19.86
15.49
19.53","19.86
16.24
20.08","19.86
17.00
20.76","19.86
17.72
21.36","19.86
18.56
22.01","19.86
19.29
22.59"
SPAN= 10400 mm,,,,,,,,,,,,,
DEPTH,D/D,E/D,E/E,F/E,F/F,G/F,G/G,H/G,H/H,K/H,K/K,L/K,L/L
350,"4.01
0.98
11.09","4.81
1.04
11.84","4.87
1.11
12.33","5.48
1.17
13.03","5.79
1.26
13.60","6.28
1.33
14.32","6.69
1.40
15.14","7.03
1.47
15.77","7.25
1.53
16.28","7.61
1.62
17.05","8.13
1.67
17.62","8.54
1.78
18.27","9.21
1.82
18.81"
400,"4.68
1.32
11.19","5.61
1.40
11.94","5.68
1.49
12.43","6.40
1.58
13.13","6.76
1.70
13.87","7.32
1.79
14.66","7.80
1.89
15.25","8.19
1.98
15.87","8.45
2.08
16.48","8.88
2.18
17.16","9.48
2.26
17.72","9.96
2.39
18.38","10.56
2.47
18.92"
450,"5.33
1.71
11.37","6.40
1.81
12.05","6.48
1.94
12.54","7.29
2.05
13.41","7.71
2.20
14.06","8.35
2.31
14.77","8.90
2.45
15.45","9.34
2.57
16.08","9.64
2.69
16.59","10.12
2.82
17.28","10.81
2.93
17.84","11.36
3.09
18.60","11.83
3.20
19.14"
500,"5.99
2.15
11.48","7.19
2.28
12.17","7.28
2.44
12.66","8.19
2.58
13.61","8.65
2.77
14.18","9.38
2.91
14.99","9.99
3.08
15.70","10.49
3.23
16.33","10.82
3.39
16.84","11.37
3.55
17.53","12.14
3.69
18.09","12.75
3.88
18.75","13.03
4.02
19.29"
550,"6.64
2.65
11.61","7.98
2.81
12.37","8.07
3.00
12.86","9.09
3.17
13.88","9.60
3.40
14.55","10.40
3.58
15.27","11.09
3.78
15.86","11.64
3.97
16.48","12.01
4.16
17.00","12.61
4.36
17.68","13.47
4.54
18.24","14.15
4.77
19.15","14.15
4.95
19.69"
600,"7.36
3.25
11.76","8.84
3.44
12.67","8.95
3.67
13.16","10.07
3.89
14.15","10.64
4.17
14.73","11.53
4.39
15.44","12.29
4.64
16.03","12.90
4.87
16.72","13.31
5.10
17.24","13.98
5.35
18.10","14.93
5.57
18.82","15.19
5.85
19.48","15.19
6.07
20.01"
650,"8.02
3.85
12.15","9.63
4.08
12.94","9.74
4.35
13.62","10.97
4.62
14.39","11.49
4.95
14.97","12.56
5.20
15.76","13.38
5.50
16.35","14.05
5.77
17.16","14.50
6.05
17.68","15.23
6.34
18.58","16.16
6.60
19.30","16.16
6.92
19.95","16.16
7.19
20.49"
700,"8.67
4.50
12.56","10.41
4.78
13.46","10.54
5.09
13.95","11.87
5.40
14.65","12.54
5.79
15.23","13.58
6.08
16.14","14.48
6.43
16.96","15.20
6.74
17.59","15.68
7.07
18.19","16.47
7.41
18.95","17.06
7.71
19.52","17.06
8.09
20.17","17.06
8.41
20.71"
750,"9.33
5.21
12.86","11.20
5.51
13.65","11.34
5.89
14.14","12.76
6.25
15.09","13.49
6.69
15.88","14.61
7.04
16.59","15.57
7.43
17.27","16.35
7.80
17.98","16.87
8.18
18.49","17.72
8.56
19.18","17.89
8.92
19.74","17.89
9.35
20.40","17.89
9.72
20.93"
800,"10.05
6.03
13.07","12.07
6.39
14.14","12.21
6.83
14.63","13.75
7.24
15.55","14.52
7.76
16.12","15.74
8.16
17.02","16.77
8.62
17.60","17.61
9.04
18.34","18.17
9.48
18.85","18.65
9.92
19.54","18.65
10.34
20.10","18.65
10.84
20.76","18.65
11.27
21.30"
850,"10.71
6.84
13.79","12.85
7.25
14.82","13.01
7.75
15.31","14.64
8.22
16.01","15.47
8.80
16.68","16.76
9.25
17.48","17.87
9.78
18.07","18.76
10.25
18.70","19.22
10.75
19.34","19.22
11.26
20.03","19.22
11.73
20.59","19.22
12.30
21.24","19.22
12.78
21.78"
900,"11.36
7.70
14.02","13.64
8.17
15.06","13.81
8.72
15.55","15.54
9.25
16.44","16.42
9.91
17.02","17.79
10.42
17.73","18.96
11.01
18.32","19.22
11.54
19.08","19.22
12.11
19.60","19.22
12.67
20.28","19.22
13.21
20.85","19.22
13.84
21.50","19.22
14.39
22.04"
950,"12.02
8.62
14.50","14.43
9.14
15.31","14.60
9.75
15.80","16.44
10.35
16.70","17.37
11.08
17.28","18.82
11.66
17.99","19.22
12.31
18.72","19.22
12.91
19.35","19.22
13.54
19.86","19.22
14.17
20.54","19.22
14.77
21.11","19.22
15.48
21.76","19.22
16.08
22.30"
SPAN= 11000 mm,,,,,,,,,,,,,
DEPTH,D/D,E/D,E/E,F/E,F/F,G/F,G/G,H/G,H/H,K/H,K/K,L/K,L/L
400,"4.17
1.11
11.41","5.01
1.18
12.07","5.07
1.26
12.60","5.70
1.33
13.29","6.03
1.43
13.98","6.53
1.50
14.69","6.96
1.59
15.39","7.31
1.67
16.10","7.54
1.75
16.65","7.92
1.84
17.34","8.45
1.91
18.07","8.88
2.01
18.72","9.75
2.08
19.52"
450,"4.76
1.44
11.58","5.71
1.53
12.18","5.78
1.63
12.71","6.50
1.73
13.47","6.87
1.85
14.09","7.45
1.95
14.87","7.94
2.06
15.59","8.33
2.16
16.22","8.60
2.27
16.77","9.03
2.38
17.58","9.64
2.47
18.26","10.13
2.60
18.91","11.12
2.69
19.77"
500,"5.34
1.81
11.70","6.41
1.92
12.37","6.49
2.05
12.90","7.31
2.17
13.60","7.72
2.33
14.22","8.36
2.45
15.09","8.91
2.59
15.72","9.36
2.72
16.48","9.65
2.86
17.17","10.14
2.99
17.92","10.83
3.11
18.53","11.38
3.27
19.34","12.49
3.39
19.92"
550,"5.93
2.23
11.83","7.11
2.37
12.50","7.20
2.52
13.03","8.11
2.67
13.73","8.56
2.87
14.66","9.28
3.02
15.38","9.89
3.19
16.01","10.38
3.34
16.84","10.71
3.50
17.39","11.25
3.67
18.17","12.01
3.82
18.85","12.62
4.02
19.51","13.85
4.17
20.21"
600,"6.57
2.74
12.06","7.88
2.90
12.82","7.98
3.10
13.35","8.98
3.28
14.22","9.49
3.52
14.84","10.28
3.70
15.63","10.96
3.91
16.40","11.51
4.10
17.19","11.87
4.30
17.74","12.47
4.51
18.43","13.31
4.69
19.18","13.99
4.93
19.83","15.35
5.11
20.41"
650,"7.15
3.24
12.39","8.59
3.43
13.09","8.69
3.67
13.69","9.78
3.89
14.45","10.34
4.17
15.15","11.20
4.38
15.97","11.94
4.63
16.75","12.53
4.86
17.37","12.93
5.09
17.93","13.58
5.34
18.76","14.50
5.56
19.37","15.24
5.83
20.26","16.72
6.05
20.95"
700,"7.74
3.79
12.63","9.29
4.02
13.41","9.40
4.29
13.94","10.58
4.55
14.72","11.18
4.87
15.45","12.12
5.13
16.31","12.91
5.41
16.94","13.56
5.68
17.90","13.99
5.96
18.53","14.69
6.24
19.22","15.69
6.50
19.83","16.48
6.82
20.59","17.52
7.08
21.28"
750,"8.32
4.39
12.92","9.99
4.64
13.68","10.11
4.96
14.21","11.38
5.26
15.02","12.03
5.64
15.79","13.03
5.93
16.87","13.89
6.26
17.58","14.58
6.57
18.21","15.05
6.89
18.76","15.80
7.21
19.45","16.87
7.51
20.17","17.52
7.88
21.03","17.52
8.19
21.61"
800,"8.96
5.08
13.21","10.76
5.39
14.01","10.89
5.75
14.84","12.26
6.10
15.70","12.96
6.53
16.41","14.04
6.87
17.20","14.96
7.26
17.84","15.71
7.62
18.56","16.21
7.99
19.24","17.02
8.36
20.04","17.52
8.71
20.65","17.52
9.13
21.30","17.52
9.49
21.88"
850,"9.55
5.76
13.93","11.46
6.11
14.64","11.60
6.52
15.34","13.06
6.92
16.13","13.80
7.41
16.83","14.95
7.79
17.55","15.94
8.24
18.18","16.73
8.64
19.05","17.26
9.06
19.61","17.52
9.48
20.29","17.52
9.88
20.90","17.52
10.36
21.56","17.52
10.77
22.14"
900,"10.13
6.49
14.28","12.17
6.88
15.05","12.32
7.35
15.58","13.86
7.80
16.46","14.65
8.35
17.08","15.87
8.78
17.92","16.91
9.27
18.69","17.52
9.73
19.31","17.52
10.20
19.87","17.52
10.67
20.55","17.52
11.13
21.16","17.52
11.66
21.81","17.52
12.13
22.40"
950,"10.72
7.26
14.52","12.87
7.70
15.38","13.03
8.22
16.01","14.66
8.72
16.71","15.49
9.33
17.47","16.79
9.82
18.31","17.52
10.37
19.04","17.52
10.88
19.66","17.52
11.41
20.22","17.52
11.94
20.90","17.52
12.45
21.51","17.52
13.04
22.17","17.52
13.55
22.75"
1000,"11.31
8.07
14.76","13.57
8.56
15.74","13.74
9.14
16.27","15.46
9.70
17.10","16.34
10.38
17.86","17.52
10.92
18.67","17.52
11.53
19.31","17.52
12.09
19.93","17.52
12.68
20.40","17.52
13.27
21.17","17.52
13.84
21.78","17.52
14.49
22.44","17.52
15.08
23.02"
SPAN = 11600 mm,,,,,,,,,,,,,
DEPTH,D/D,E/D,E/E,F/E,F/F,G/F,G/G,H/G,H/H,K/H,K/K,L/K,L/L
400,"3.74
0.95
11.24","4.49
1.00
11.90","4.55
1.07
12.40","5.12
1.13
13.17","5.41
1.22
13.76","5.86
1.28
14.69","6.25
1.35
15.29","6.56
1.42
15.92","6.77
1.49
16.44","7.11
1.56
17.13","7.59
1.62
17.78","7.97
1.71
18.44","8.75
1.77
18.99"
450,"4.27
1.23
11.35","5.12
1.30
12.00","5.19
1.39
12.51","5.84
1.47
13.28","6.17
1.58
13.93","6.68
1.66
14.80","7.12
1.75
15.40","7.48
1.84
16.03","7.72
1.93
16.64","8.10
2.02
17.32","8.65
2.10
17.90","9.09
2.21
18.56","9.98
2.29
19.17"
500,"4.79
1.54
11.53","5.75
1.64
12.12","5.82
1.75
12.70","6.56
1.85
13.46","6.93
1.98
14.05","7.51
2.09
14.93","8.00
2.20
15.61","8.40
2.31
16.24","8.67
2.43
16.77","9.10
2.54
17.58","9.72
2.64
18.16","10.21
2.78
18.88","11.21
2.88
19.58"
550,"5.32
1.90
11.65","6.38
2.01
12.39","6.46
2.15
12.89","7.28
2.27
13.59","7.69
2.44
14.34","8.33
2.56
15.29","8.88
2.71
15.89","9.32
2.84
16.52","9.61
2.98
17.05","10.10
3.12
17.80","10.70
3.25
18.37","11.33
3.42
19.12","12.43
3.54
19.74"
600,"5.89
2.33
11.80","7.08
2.46
12.71","7.16
2.63
13.21","8.06
2.79
13.91","8.52
2.99
14.75","9.23
3.14
15.47","9.84
3.32
16.07","10.33
3.49
16.77","10.66
3.65
17.29","11.19
3.83
17.98","11.95
3.99
18.65","12.56
4.19
19.37","13.46
4.34
20.05"
650,"6.42
2.76
12.19","7.71
2.92
12.87","7.80
3.12
13.37","8.78
3.31
14.33","9.28
3.54
14.92","10.05
3.73
15.71","10.71
3.94
16.31","11.25
4.13
17.10","11.61
4.33
17.62","12.19
4.54
18.38","13.01
4.72
19.03","13.67
4.96
19.75","14.32
5.15
20.30"
700,"6.94
3.22
12.49","8.34
3.42
13.27","8.44
3.65
13.77","9.50
3.87
14.65","10.04
4.14
15.31","10.87
4.36
16.03","11.59
4.60
16.73","12.17
4.83
17.35","12.55
5.06
17.88","13.19
5.30
18.89","14.08
5.52
19.53","14.79
5.80
20.19","15.11
6.02
20.74"
750,"7.47
3.73
12.67","8.97
3.95
13.46","9.08
4.22
13.96","10.22
4.47
14.91","10.80
4.79
15.50","11.70
5.04
16.59","12.47
5.32
17.19","13.09
5.59
17.89","13.50
5.86
18.42","14.18
6.13
19.18","15.14
6.39
19.75","15.84
6.70
20.41","15.84
6.96
20.96"
800,"8.05
4.32
12.98","9.66
4.58
13.75","9.78
4.89
14.25","11.01
5.19
15.53","11.63
5.56
16.12","12.60
5.84
16.83","13.43
6.17
17.51","14.10
6.48
18.22","14.55
6.79
18.74","15.28
7.11
19.43","16.31
7.41
20.11","16.52
7.77
20.77","16.52
8.07
21.32"
850,"8.57
4.90
13.77","10.29
5.20
14.57","10.41
5.55
15.26","11.72
5.89
15.96","12.39
6.30
16.55","13.42
6.62
17.35","14.30
7.00
18.03","15.02
7.34
18.65","15.49
7.70
19.18","16.27
8.06
20.10","17.02
8.40
20.67","17.02
8.81
21.33","17.02
9.16
21.88"
900,"9.10
5.52
14.09","10.92
5.85
15.00","11.05
6.25
15.50","12.44
6.63
16.20","13.15
7.10
16.88","14.24
7.46
17.68","15.18
7.88
18.28","15.94
8.27
19.02","16.44
8.67
19.67","17.02
9.08
20.36","17.02
9.46
20.93","17.02
9.91
21.59","17.02
10.31
22.14"
950,"9.62
6.17
14.45","11.55
6.54
15.24","11.69
6.99
15.75","13.16
7.41
16.62","13.91
7.94
17.21","15.07
8.35
18.05","16.06
8.82
18.65","16.86
9.25
19.41","17.02
9.70
19.93","17.02
10.15
20.62","17.02
10.58
21.19","17.02
11.09
21.85","17.02
11.52
22.40"
1000,"10.15
6.86
14.70","12.18
7.28
15.49","12.33
7.77
15.99","13.88
8.25
16.88","14.66
8.82
17.60","15.89
9.28
18.31","16.93
9.81
19.14","17.02
10.28
19.76","17.02
10.79
20.29","17.02
11.28
20.97","17.02
11.77
21.55","17.02
12.32
22.20","17.02
12.82
22.75"
SPAN = 12200 mm,,,,,,,,,,,,,
DEPTH,D/D,E/D,E/E,F/E,F/F,G/F,G/G,H/G,H/H,K/H,K/K,L/K,L/L
450,"3.85
1.05
11.54","4.62
1.11
12.20","4.68
1.19
12.73","5.27
1.26
13.49","5.57
1.35
14.12","6.03
1.42
14.83","6.43
1.50
15.48","6.75
1.58
16.24","6.96
1.65
16.80","7.31
1.73
17.48","7.81
1.80
18.16","8.21
1.90
18.93","9.01
1.96
19.65"
500,"4.33
1.32
11.72","5.19
1.40
12.32","5.26
1.50
12.85","5.92
1.59
13.61","6.25
1.70
14.24","6.77
1.79
14.96","7.22
1.89
15.74","7.58
1.98
16.36","7.82
2.08
16.99","8.21
2.18
17.67","8.77
2.27
18.40","9.22
2.39
19.20","10.11
2.47
19.93"
550,"4.80
1.63
11.85","5.76
1.72
12.51","5.83
1.84
13.05","6.57
1.95
13.74","6.94
2.09
14.37","7.52
2.20
15.17","8.01
2.32
16.10","8.41
2.44
16.72","8.68
2.45
17.28","9.11
2.68
17.97","9.73
2.79
18.79","10.22
2.93
19.44","11.22
3.04
20.10"
600,"5.32
1.99
12.00","6.39
2.11
12.66","6.46
2.26
13.20","7.28
2.39
14.07","7.69
2.56
14.79","8.33
2.70
15.63","8.88
2.85
16.28","9.32
2.99
16.90","9.62
3.13
17.55","10.10
3.28
18.36","10.78
3.42
18.98","11.33
3.59
19.75","12.44
3.72
20.41"
650,"5.79
2.36
12.21","6.96
2.50
13.00","7.04
2.67
13.54","7.92
2.84
14.46","8.37
3.04
15.09","9.07
3.20
15.80","9.67
3.38
16.60","10.15
3.54
17.35","10.47
3.71
17.92","11.00
3.89
18.60","11.75
4.05
19.29","12.34
4.25
20.01","13.55
4.41
20.59"
700,"6.27
2.76
12.64","7.52
2.93
13.40","7.62
3.13
13.93","8.57
3.32
14.70","9.06
3.55
15.33","9.81
3.74
16.14","10.46
3.95
16.92","10.98
4.14
17.54","11.33
4.34
18.18","11.90
4.55
18.86","12.71
4.74
19.55","13.35
4.97
20.47","14.65
5.16
21.32"
750,"6.74
3.20
12.82","8.09
3.39
13.65","8.19
3.62
14.19","9.22
3.84
14.99","9.74
4.11
15.62","10.56
4.32
16.47","11.25
4.56
17.19","11.81
4.79
18.10","12.19
5.02
18.73","12.80
5.26
19.42","13.67
5.48
20.21","14.36
5.74
20.97","15.68
5.97
21.63"
800,"7.26
3.70
13.20","8.72
3.93
13.87","8.82
4.19
14.40","9.93
4.45
15.21","10.49
4.76
16.29","11.37
5.01
17.08","12.12
5.29
17.80","12.72
5.55
18.42","13.13
5.82
19.17","13.79
6.09
19.86","14.72
6.35
20.58","15.47
6.66
21.41","15.68
6.92
21.99"
850,"7.74
4.20
13.90","9.29
4.45
14.61","9.40
4.76
15.14","10.58
5.05
15.99","11.18
5.40
16.62","12.11
5.68
17.49","12.91
6.00
18.32","13.55
6.30
18.95","13.98
6.60
19.51","14.69
6.91
20.31","15.68
7.20
21.08","15.68
7.55
21.74","15.68
7.85
22.33"
900,"8.21
4.73
14.13","9.86
5.02
14.84","9.98
5.36
15.37","11.23
5.68
16.31","11.86
6.08
17.02","12.85
6.40
17.93","13.70
6.76
18.58","14.38
7.09
19.32","14.84
7.44
19.88","15.59
7.77
20.73","15.68
8.11
21.34","15.68
8.50
22.00","15.68
8.84
22.59"
950,"8.68
5.29
14.48","10.42
5.61
15.23","10.55
5.99
15.77","11.88
6.36
16.85","12.55
6.80
17.48","13.60
7.16
18.19","14.49
7.56
18.95","15.21
7.93
19.66","15.68
8.32
20.31","15.68
8.70
21.00","15.68
9.07
21.61","15.68
9.50
22.27","15.68
9.88
22.89"
1000,"9.16
5.88
14.72","10.99
6.24
15.56","11.13
6.66
16.19","12.53
7.07
17.11","13.23
7.57
17.74","14.34
7.96
18.66","15.28
8.41
19.30","15.68
8.82
20.02","15.68
9.25
20.58","15.68
9.67
21.27","15.68
10.09
21.88","15.68
10.57
22.54","15.68
10.99
23.13"
SPAN= 12800 mm,,,,,,,,,,,,,
DEPTH,D/D,E/D,E/E,F/E,F/F,G/F,G /G,H/G,H/H,K/H,K/K,L/K,L/L
450,"3.49
0.91
11.39","4.19
0.96
12.04","4.25
1.03
12.55","4.78
1.09
13.32","5.05
1.17
13.92","5.47
1.23
14.69","5.83
1.30
15.44","6.12
1.36
16.07","6.32
1.43
16.60","6.63
1.50
17.29","7.08
1.56
17.95","7.44
1.64
18.60","8.17
1.70
19.22"
500,"3.92
1.14
11.50","4.71
1.21
12.16","4.77
1.29
12.67","5.37
1.37
13.49","5.67
1.47
14.09","6.14
1.54
14.81","6.55
1.63
15.56","6.88
1.71
16.19","7.09
1.80
16.80","7.45
1.88
17.49","7.95
1.96
18.13","8.36
2.06
18.92","9.17
2.13
19.48"
550,"4.35
1.40
11.69","5.23
1.49
12.28","5.29
1.59
12.79","5.96
1.68
13.62","6.29
1.81
14.22","6.82
1.90
15.08","7.27
2.01
15.78","7.63
2.11
16.55","7.87
2.21
17.15","8.27
2.31
17.83","8.83
2.41
18.42","9.27
2.53
19.07","10.18
2.62
19.72"
600,"4.83
1.72
11.83","5.79
1.82
12.49","5.86
1.95
13.00","6.60
2.07
13.94","6.97
2.21
14.54","7.56
2.33
15.49","8.05
2.46
16.16","8.45
2.58
16.79","8.72
2.71
17.33","9.16
2.84
18.01","9.78
2.95
18.68","10.28
3.10
19.34","11.28
3.22
19.96"
650,"5.25
2.04
11.97","6.31
2.16
12.82","6.39
2.31
13.33","7.19
2.45
14.10","7.59
2.62
14.79","8.23
2.76
15.72","8.77
2.92
16.33","9.21
3.06
16.96","9.50
3.21
17.58","9.98
3.36
18.27","10.65
3.50
18.86","11.19
3.67
19.57","12.29
3.81
20.32"
700,"5.68
2.39
12.51","6.82
2.53
13.18","6.91
2.70
13.69","7.78
2.86
14.55","8.22
3.07
15.31","8.90
3.23
16.02","9.49
3.41
16.73","9.96
3.58
17.35","10.28
3.75
17.89","10.79
3.93
18.57","11.52
4.09
19.23","12.11
4.29
19.95","13.29
4.46
20.76"
750,"6.11
2.76
12.69","7.34
2.92
13.53","7.43
3.12
14.04","8.36
3.31
14.74","8.84
3.55
15.50","9.57
3.73
16.31","10.20
3.94
16.92","10.71
4.14
17.55","11.05
4.34
18.08","11.61
4.54
19.11","12.40
4.73
19.76","13.03
4.96
20.42","14.22
5.16
21.25"
800,"6.59
3.20
12.89","7.91
3.39
13.74","8.00
3.62
14.25","9.01
3.84
15.21","9.52
4.11
15.81","10.31
4.33
16.82","10.99
4.57
17.44","11.54
4.80
18.14","11.91
5.03
18.67","12.51
5.26
19.42","13.35
5.49
20.19","14.03
5.75
20.84","14.82
5.98
21.51"
850,"7.02
3.63
13.76","8.42
3.85
14.44","8.53
4.11
14.95","9.60
4.36
15.92","10.14
4.67
16.52","10.99
4.91
17.23","11.71
5.19
17.92","12.29
5.44
18.62","12.68
5.70
19.34","13.32
5.97
20.03","14.22
6.22
20.72","14.95
6.52
21.37","15.27
6.78
21.93"
900,"7.45
4.09
13.99","8.94
4.33
14.78","9.05
4.63
15.29","10.19
4.91
16.16","10.76
5.26
16.76","11.66
5.53
17.55","12.43
5.84
18.43","13.05
6.12
19.06","13.46
6.42
19.59","14.14
6.72
20.39","15.10
7.01
20.97","15.27
7.34
21.70","15.27
7.64
22.26"
950,"7.88
4.57
14.31","9.45
4.85
15.01","9.57
5.17
15.52","10.77
5.49
16.40","11.38
5.88
17.16","12.33
6.18
18.07","13.14
6.53
18.69","13.80
6.85
19.31","14.24
7.18
19.96","14.96
7.52
20.72","15.27
7.84
21.31","15.27
8.21
21.97","15.27
8.53
22.53"
1000,"8.31
5.08
14.66","9.97
5.39
15.26","10.09
5.75
15.95","11.36
6.11
17.02","12.00
6.54
17.62","13.01
6.88
18.33","13.00
7.26
18.95","14.55
7.62
19.77","15.02
7.99
20.31","15.27
8.36
20.99","15.27
8.71
21.58","15.27
9.13
22.23","15.27
9.50
22.79"
1050,"8.73
5.62
14.90","10.48
5.96
15.68","10.61
6.36
16.28","11.95
6.75
17.28","12.62
7.22
17.88","13.68
7.41
18.60","14.57
8.03
19.41","15.27
8.42
20.04","15.27
8.83
20.57","15.27
9.24
21.26","15.27
9.63
21.85","15.27
10.09
22.50","15.27
10.50
23.06"
SPAN = 13400 mm,,,,,,,,,,,,,
DEPTH,D/D,E/D,E/E,F/E,F/F,G/F,G/G,H/G,H/H,K/H,K/K,L/K,L/L
450,"3.18
0.79
11.56","3.82
0.84
12.21","3.87
0.89
12.75","4.35
0.95
13.45","4.60
1.02
14.14","4.98
1.07
14.86","5.31
1.13
15.51","5.58
1.19
16.13","5.76
1.24
16.70","6.04
1.30
17.50","6.45
1.35
18.18","6.78
1.43
18.84","7.44
1.48
19.53"
500,"3.58
0.99
11.68","4.29
1.05
12.33","4.34
1.12
12.87","4.89
1.19
13.63","5.17
1.28
14.26","5.60
1.34
14.98","5.97
1.42
15.63","6.26
1.49
16.25","6.46
1.57
17.00","6.79
1.64
17.69","7.25
1.70
18.31","7.62
1.79
18.96","8.36
1.86
19.88"
550,"3.97
1.22
11.86","4.76
1.30
12.52","4.82
1.38
13.06","5.43
1.46
13.76","5.73
1.57
14.39","6.21
1.65
15.11","6.62
1.74
15.89","6.95
1.83
16.57","7.17
1.92
17.14","7.53
2.01
17.99","8.04
2.09
18.61","8.45
2.20
19.45","9.27
2.28
20.10"
600,"4.40
1.50
12.01","5.28
1.59
12.67","5.34
1.70
13.21","6.01
1.80
13.91","6.35
1.93
14.55","6.88
2.03
15.58","7.34
2.14
16.29","7.70
2.25
16.91","7.95
2.35
17.48","8.35
2.47
18.25","8.91
2.57
18.98","9.37
2.70
19.64","10.28
2.80
20.35"
650,"4.79
1.78
12.22","5.75
1.88
13.01","5.82
2.01
13.55","6.55
2.13
14.40","6.92
2.28
15.04","7.50
2.40
15.81","7.99
2.54
16.46","8.39
2.66
17.17","8.66
2.79
17.74","9.09
2.92
18.42","9.71
3.04
19.21","10.20
3.20
19.99","11.19
3.32
20.73"
700,"5.18
2.08
12.64","6.22
2.20
13.31","6.29
2.35
13.85","7.09
2.49
14.69","7.49
2.67
15.33","8.11
2.81
16.13","8.64
2.97
16.78","9.08
3.11
17.41","9.36
3.26
18.09","9.84
3.42
18.84","10.50
3.56
19.53","11.03
3.73
20.25","12.11
3.88
20.93"
750,"5.57
2.40
12.82","6.69
2.54
13.58","6.77
2.72
14.12","7.62
2.88
14.88","8.05
3.09
15.61","8.72
3.25
16.32","9.30
3.43
17.09","9.76
3.60
17.79","10.07
3.77
18.43","10.58
3.95
19.11","11.30
4.12
20.18","11.87
4.32
20.84","13.03
4.48
21.59"
800,"6.00
2.78
13.09","7.20
2.95
13.85","7.29
3.15
14.39","8.21
3.34
15.18","8.67
3.58
15.82","9.40
3.76
16.74","10.01
3.20
17.78","10.51
4.17
18.40","10.85
4.37
19.13","11.40
4.58
19.82","12.17
4.77
20.44","12.78
5.00
21.19","14.03
5.20
21.92"
850,"6.39
3.16
13.81","7.67
3.35
14.57","7.77
3.57
15.11","8.74
3.79
15.81","9.24
4.06
16.52","10.01
4.27
17.45","10.67
4.51
18.27","11.20
4.73
18.89","11.56
4.96
19.46","12.14
5.19
20.14","12.96
5.41
20.94","13.62
5.67
21.66","14.18
5.90
22.26"
900,"6.78
3.56
14.04","8.14
3.77
14.80","8.24
4.02
15.35","9.28
4.27
16.12","9.81
4.57
16.90","10.62
4.81
17.86","11.32
5.08
18.51","11.89
5.33
19.14","12.27
5.59
19.71","12.88
5.85
20.50","13.75
6.09
21.27","14.18
6.39
21.92","14.18
6.64
22.52"
950,"7.18
3.98
14.44","8.61
4.21
15.12","8.72
4.50
15.66","9.82
4.78
16.61","10.37
5.11
17.40","11.24
5.38
18.12","11.98
5.68
18.77","12.57
5.96
19.50","12.97
6.25
20.22","13.63
6.54
20.91","14.18
6.82
21.53","14.18
7.14
22.19","14.18
7.42
22.78"
1000,"7.57
4.42
14.68","9.09
4.69
15.36","9.20
5.00
15.90","10.35
5.31
17.02","10.94
5.68
17.66","11.85
5.98
18.37","12.63
6.32
19.21","13.26
6.62
19.92","13.68
6.95
20.49","14.18
7.27
21.17","14.18
7.58
21.80","14.18
7.94
22.45","14.18
8.26
23.05"
1050,"7.96
4.89
15.01","9.55
5.18
15.95","9.67
5.53
16.49","10.89
5.87
17.28","11.50
6.28
17.92","12.46
6.45
18.83","13.28
6.98
19.56","13.94
7.32
20.19","14.18
7.68
20.87","14.18
8.03
21.56","14.18
8.38
22.18","14.18
8.77
22.84","14.18
9.13
23.43"
SPAN = 14000 mm,,,,,,,,,,,,,
DEPTH,D/D,E/D,E/E,F/E,F/F,G/F,G/G,H/G,H/H,K/H,K/K,L/K,L/L
500,"3.27
0.87
11.53","3.93
0.92
12.18","3.97
0.98
12.70","4.47
1.04
13.40","4.73
1.12
14.13","5.12
1.18
14.84","5.46
1.24
15.46","5.73
1.30
16.22","5.91
1.37
16.76","6.21
1.43
17.45","6.63
1.49
18.17","6.97
1.57
18.82","7.65
1.62
19.39"
550,"3.63
1.07
11.66","4.36
1.13
12.31","4.41
1.21
12.83","4.96
1.28
13.58","5.25
1.37
14.25","5.68
1.45
14.97","6.06
1.53
15.59","6.36
1.60
16.40","6.56
1.68
17.02","6.89
1.76
17.86","7.36
1.83
18.46","7.73
1.93
19.11","8.49
2.00
19.75"
600,"4.02
1.31
11.86","4.83
1.39
12.51","4.89
1.48
13.03","5.50
1.57
13.79","5.81
1.69
14.40","6.30
1.77
15.29","6.71
1.87
16.18","7.05
1.97
16.81","7.27
2.06
17.35","7.64
2.16
18.04","8.15
2.25
18.63","8.57
2.36
19.37","9.40
2.45
19.94"
650,"4.38
1.55
12.00","5.26
1.65
12.65","5.32
1.76
13.17","5.99
1.86
14.13","6.33
2.00
14.80","6.86
2.10
15.59","7.31
2.22
16.35","7.68
2.33
16.98","7.92
2.44
17.52","8.32
2.56
18.29","8.88
2.66
18.88","9.33
2.80
19.54","10.24
2.90
20.23"
700,"4.74
1.82
12.53","5.69
1.93
13.12","5.76
2.06
13.64","6.48
2.18
14.56","6.85
2.34
15.16","7.42
2.46
16.02","7.91
2.60
16.64","8.30
2.72
17.35","8.57
2.86
17.90","9.00
2.99
18.58","9.61
3.11
19.18","10.10
3.27
19.96","11.08
3.39
20.67"
750,"5.10
2.10
12.70","6.12
2.23
13.37","6.19
2.38
13.88","6.97
2.52
14.74","7.37
2.70
15.35","7.98
2.84
16.30","8.51
3.00
16.92","8.93
3.15
17.54","9.22
3.30
18.09","9.68
3.46
18.84","10.33
3.60
19.50","10.86
3.78
20.58","11.92
3.92
21.15"
800,"5.49
2.44
12.90","6.59
2.58
13.66","6.67
2.76
14.18","7.51
2.92
14.95","7.94
3.13
15.65","8.60
3.29
16.51","9.16
3.48
17.20","9.62
3.65
18.13","9.93
3.83
18.74","10.43
4.01
19.43","11.13
4.18
20.18","11.70
4.38
20.83","12.84
4.55
21.50"
850,"5.85
2.76
13.66","7.02
2.93
14.42","7.11
3.13
14.94","8.00
3.32
15.74","8.45
3.55
16.50","9.16
3.73
17.28","9.76
3.95
17.90","10.25
4.14
18.70","10.57
4.34
19.24","11.11
4.55
19.99","11.86
4.74
20.58","12.46
4.96
21.34","13.68
5.16
22.04"
900,"6.21
3.11
13.98","7.45
3.30
14.75","7.54
3.52
15.27","8.49
3.74
15.97","8.97
4.00
16.81","9.72
4.21
17.52","10.36
4.44
18.32","10.88
4.66
19.01","11.22
4.89
19.55","11.79
5.12
20.24","12.58
5.33
20.93","13.22
5.59
21.73","13.85
5.81
22.30"
950,"6.57
3.48
14.21","7.88
3.69
14.99","7.98
3.94
15.50","8.98
4.18
16.44","9.49
4.47
17.05","10.28
4.71
18.02","10.96
4.97
18.64","11.50
5.21
19.26","11.87
5.47
19.81","12.47
5.72
20.59","13.31
5.97
21.34","13.85
6.25
21.99","13.85
6.49
22.56"
1000,"6.92
3.87
14.63","8.31
4.10
15.30","8.41
4.38
15.82","9.47
4.65
16.79","10.01
4.97
17.56","10.84
5.23
18.27","11.55
5.53
18.89","12.13
5.80
19.52","12.52
6.08
20.24","13.15
6.36
21.01","13.85
6.63
21.60","13.85
6.95
22.26","13.85
7.23
22.83"
1050,"7.28
4.28
14.87","8.74
4.54
15.55","8.85
4.84
16.07","9.96
5.14
17.21","10.52
5.50
17.81","11.40
5.64
18.53","12.15
6.11
19.23","12.76
6.41
19.96","13.16
6.72
20.59","13.82
7.03
21.27","13.85
7.33
21.87","13.85
7.68
22.52","13.85
7.99
23.09"
SPAN= 14600 mm,,,,,,,,,,,,,
DEPTH,D/D,E/D,E/E,F/E,F/F,G/F,G/G,H/G,H/H,K/H,K/K,L/K,L/L
500,"3.00
0.77
11.70","3.61
0.81
12.34","3.65
0.87
12.89","4.11
0.92
13.64","4.34
0.98
14.28","4.70
1.03
15.00","5.01
1.09
15.65","5.26
1.15
16.25","5.43
1.21
16.90","5.70
1.26
17.58","6.09
1.31
18.33","6.40
1.38
18.98","7.02
1.43
19.58"
550,"3.33
0.94
11.88","4.00
1.00
12.47","4.05
1.06
13.02","4.56
1.13
13.77","4.82
1.21
14.41","5.22
1.27
15.13","5.56
1.34
15.83","5.84
1.41
16.46","6.03
1.48
17.10","6.33
1.55
17.84","6.76
1.61
18.63","7.10
1.70
19.28","7.79
1.76
20.11"
600,"3.69
1.15
12.02","4.43
1.22
12.68","4.49
1.31
13.22","5.05
1.38
13.92","5.34
1.48
14.56","5.78
1.56
15.33","6.16
1.65
16.25","6.47
1.73
16.92","6.68
1.81
17.49","7.01
1.90
18.18","7.49
1.98
18.88","7.87
2.08
19.59","8.64
2.16
20.35"
650,"4.02
1.37
12.17","4.83
1.45
12.82","4.89
1.55
13.36","5.50
1.64
14.33","5.81
1.76
14.97","6.30
1.85
15.76","6.71
1.95
16.46","7.05
2.05
17.09","7.27
2.15
17.74","7.64
2.25
18.43","8.16
2.34
19.11","8.57
2.46
19.87","9.41
2.55
20.53"
700,"4.35
1.60
12.65","5.23
1.70
13.30","5.29
1.81
13.85","5.95
1.92
14.63","6.29
2.06
15.27","6.82
2.16
16.04","7.26
2.28
16.78","7.63
2.40
17.46","7.87
2.51
18.03","8.26
2.63
18.72","8.82
2.74
19.46","9.27
2.88
20.17","10.18
2.99
20.91"
750,"4.68
1.85
12.83","5.62
1.96
13.48","5.69
2.09
14.11","6.40
2.22
14.87","6.77
2.38
15.51","7.33
2.50
16.31","7.81
2.64
17.03","8.20
2.77
17.65","8.46
2.91
18.22","8.89
3.04
19.09","9.49
3.17
19.80","9.97
3.32
20.51","10.95
3.45
21.41"
800,"5.04
2.14
13.09","6.05
2.27
13.77","6.13
2.43
14.32","6.90
2.57
15.16","7.29
2.76
15.87","7.90
2.90
16.59","8.41
3.06
17.24","8.84
3.21
17.98","9.12
3.37
18.71","9.57
3.53
19.72","10.22
3.68
20.41","10.74
3.85
21.06","11.79
4.01
21.82"
850,"5.37
2.43
13.80","6.45
2.58
14.46","6.53
2.75
15.00","7.35
2.92
15.86","7.76
3.13
16.50","8.41
3.29
17.22","8.96
3.47
18.15","9.41
3.64
18.78","9.71
3.82
19.42","10.20
4.00
20.10","10.89
4.17
20.73","11.44
4.37
21.54","12.56
4.54
22.37"
900,"5.70
2.74
14.02","6.84
2.90
14.85","6.93
3.10
15.39","7.80
3.29
16.09","8.24
3.52
16.73","8.93
3.70
17.74","9.51
3.91
18.46","9.99
4.10
19.09","10.31
4.30
19.66","10.83
4.50
20.35","11.56
4.69
21.14","12.14
4.92
22.03","12.95
5.12
22.63"
950,"6.03
3.06
14.25","7.24
3.25
15.08","7.33
3.47
15.63","8.25
3.68
16.43","8.71
3.94
17.20","9.44
4.14
18.06","10.06
4.38
18.71","10.57
4.59
19.34","10.90
4.81
19.91","11.45
5.04
20.84","12.22
5.25
21.64","12.85
5.50
22.29","12.95
5.72
22.89"
1000,"6.36
3.41
14.66","7.63
3.61
15.32","7.73
3.85
15.87","8.70
4.09
16.81","9.19
4.38
17.59","9.96
4.61
18.31","10.61
4.86
18.96","11.14
5.10
19.84","11.50
5.35
20.59","12.08
5.60
21.28","12.89
5.84
21.91","12.95
6.11
22.56","12.95
6.36
23.16"
1050,"6.69
3.76
14.96","8.03
3.99
15.67","8.13
4.26
16.21","9.15
4.52
17.21","9.66
4.84
17.85","10.47
4.97
18.56","11.16
5.38
19.59","11.72
5.64
20.29","12.09
5.92
20.86","12.70
6.19
21.55","12.95
6.45
22.18","12.95
6.76
22.83","12.95
7.03
23.43"
SPAN = 15200 mm,,,,,,,,,,,,,
DEPTH,D/D,E/D,E/E,F/E,F/F,G/F,G/G,H/G,H/H,K/H,K/K,L/K,L/L
550,"3.07
0.83
11.69","3.69
0.88
12.33","3.73
0.94
12.86","4.20
1.00
13.61","4.44
1.07
14.22","4.81
1.13
15.00","5.13
1.19
15.62","5.38
1.25
16.30","5.55
1.31
16.85","5.83
1.37
17.66","6.23
1.43
18.33","6.54
1.50
19.14","7.18
1.55
19.72"
600,"3.40
1.02
11.88","4.09
1.08
12.48","4.14
1.16
13.05","4.66
1.22
13.75","4.92
1.31
14.37","5.33
1.38
15.14","5.68
1.46
15.83","5.97
1.53
16.70","6.15
1.60
17.38","6.46
1.68
18.06","6.90
1.75
18.66","7.25
1.84
19.32","7.96
1.91
20.02"
650,"3.71
1.21
12.02","4.45
1.28
12.67","4.51
1.37
13.20","5.07
1.45
14.09","5.36
1.56
14.82","5.81
1.64
15.54","6.19
1.73
16.24","6.50
1.81
16.99","6.70
1.90
17.54","7.04
1.99
18.23","7.52
2.07
18.91","7.90
2.18
19.62","8.67
2.26
20.19"
700,"4.01
1.41
12.54","4.82
1.50
13.14","4.87
1.60
13.66","5.49
1.70
14.42","5.80
1.82
15.17","6.28
1.91
15.89","6.69
2.02
16.52","7.03
2.12
17.27","7.25
2.22
17.90","7.62
2.33
18.64","8.13
2.43
19.25","8.54
2.54
19.90","9.38
2.64
20.61"
750,"4.31
1.64
12.72","5.18
1.73
13.37","5.24
1.85
13.90","5.90
1.96
14.74","6.24
2.10
15.36","6.76
2.21
16.07","7.20
2.34
16.92","7.56
2.45
17.60","7.80
2.57
18.15","8.19
2.69
18.84","8.75
2.80
19.44","9.19
2.94
20.23","10.09
3.06
20.87"
800,"4.65
1.90
12.92","5.58
2.01
13.66","5.65
2.15
14.18","6.36
2.28
14.95","6.72
2.44
15.56","7.28
2.57
16.43","7.76
2.71
17.19","8.14
2.84
17.82","8.40
2.98
18.37","8.82
3.12
19.36","9.42
3.25
20.11","9.90
3.41
20.83","10.87
3.54
21.40"
850,"4.95
2.15
13.66","5.94
2.28
14.34","6.02
2.44
14.86","6.77
2.58
15.72","7.15
2.77
16.40","7.75
2.91
17.26","8.26
3.07
17.89","8.67
3.22
18.60","8.95
3.38
19.21","9.40
3.54
19.90","10.04
3.69
20.56","10.55
3.87
21.22","11.57
4.02
21.95"
900,"5.25
2.42
13.97","6.31
2.57
14.64","6.38
2.74
15.16","7.19
2.91
16.02","7.59
3.11
16.63","8.23
3.28
17.49","8.77
3.46
18.21","9.21
3.63
18.91","9.50
3.81
19.52","9.98
3.98
20.20","10.65
4.15
20.81","11.19
4.35
21.55","12.28
4.53
22.42"
950,"5.56
2.71
14.20","6.67
2.87
15.03","6.75
3.07
15.56","7.60
3.25
16.26","8.03
3.48
16.87","8.70
3.67
17.83","9.27
3.87
18.59","9.74
4.06
19.22","10.05
4.26
19.77","10.55
4.46
20.45","11.27
4.65
21.22","11.84
4.87
22.11","12.67
5.06
22.69"
1000,"5.86
3.01
14.43","7.04
3.19
15.27","7.12
3.41
15.80","8.02
3.62
16.59","8.47
3.87
17.36","9.18
4.08
18.22","9.78
4.30
18.85","10.27
4.51
19.47","10.59
4.73
20.02","11.13
4.95
20.95","11.88
5.17
21.72","12.48
5.41
22.38","12.67
5.63
22.95"
1050,"6.16
3.33
14.84","7.40
3.53
15.51","7.49
3.77
16.04","8.43
4.00
16.99","8.91
4.28
17.76","9.65
4.39
18.47","10.28
4.76
19.10","10.80
4.99
19.87","11.14
5.23
20.63","11.70
5.47
21.39","12.49
5.71
21.99","12.67
5.98
22.65","12.67
6.22
23.22"
SPAN= 15800 mm,,,,,,,,,,,,,
DEPTH,D/D,E/D,E/E,F/E,F/F,G/F,G/G,H/G,H/H,K/H,K/K,L/K,L/L
550,,"3.41
0.78
11.89","3.45
0.84
12.48","3.89
0.89
13.08","4.10
0.95
13.78","4.45
1.00
14.43","4.74
1.06
15.19","4.98
1.11
15.85","5.13
1.16
16.47","5.39
1.22
17.12","5.76
1.27
17.80","6.05
1.33
18.48","6.64
1.38
19.41"
600,"3.15
0.91
12.03","3.78
0.96
12.68","3.82
1.03
13.23","4.31
1.09
13.93","4.55
1.17
14.58","4.93
1.23
15.34","5.25
1.30
16.00","5.52
1.36
16.88","5.69
1.43
17.46","5.98
1.49
18.19","6.38
1.56
18.87","6.71
1.63
19.60","7.36
1.70
20.30"
650,"3.43
1.08
12.18","4.12
1.14
12.82","4.17
1.22
13.37","4.69
1.29
14.13","4.95
1.38
14.98","5.37
1.45
15.77","5.72
1.54
16.42","6.01
1.61
17.10","6.20
1.69
17.67","6.51
1.77
18.48","6.95
1.84
19.12","7.30
1.94
19.77","8.02
2.01
20.47"
700,"3.71
1.26
12.65","4.45
1.33
13.25","4.51
1.42
13.85","5.07
1.51
14.55","5.36
1.62
15.27","5.81
1.70
15.99","6.19
1.80
16.75","6.50
1.89
17.45","6.70
1.98
18.03","7.04
2.07
18.71","7.52
2.16
19.35","7.90
2.26
20.10","8.67
2.35
20.84"
750,"3.99
1.46
12.83","4.79
1.54
13.48","4.85
1.65
14.03","5.46
1.75
14.81","5.77
1.87
15.46","6.25
1.97
16.28","6.66
2.08
17.02","6.99
2.18
17.64","7.21
2.29
18.22","7.57
2.39
18.90","8.09
2.49
19.78","8.50
2.61
20.43","9.33
2.72
21.09"
800,"4.30
1.69
13.09","5.16
1.79
13.77","5.22
1.91
14.31","5.88
2.02
15.13","6.21
2.17
15.86","6.73
2.28
16.57","7.17
2.41
17.23","7.53
2.53
17.85","7.77
2.65
18.51","8.16
2.77
19.37","8.71
2.89
20.33","9.15
3.03
21.10","10.05
3.15
21.85"
850,"4.58
1.91
13.71","5.49
2.03
14.39","5.56
2.16
14.93","6.26
2.30
15.84","6.61
2.46
16.48","7.17
2.59
17.20","7.64
2.73
17.94","8.02
2.87
18.74","8.27
3.01
19.32","8.69
3.15
20.00","9.28
3.28
20.76","9.75
3.44
21.41","10.70
3.57
22.31"
900,"4.86
2.15
14.01","5.83
2.28
14.76","5.90
2.44
15.37","6.64
2.59
16.07","7.02
2.77
16.71","7.61
2.91
17.52","8.11
3.08
18.36","8.51
3.23
18.98","8.78
3.38
19.69","9.22
3.54
20.37","9.85
3.69
21.00","10.35
3.87
21.90","11.36
4.02
22.57"
950,"5.14
2.41
14.24","6.17
2.55
15.05","6.24
2.73
15.60","7.03
2.89
16.39","7.43
3.10
17.04","8.05
3.26
17.94","8.57
3.44
18.73","9.00
3.61
19.36","9.29
3.79
19.93","9.76
3.96
20.71","10.42
4.13
21.57","10.94
4.33
22.22","11.91
4.50
22.83"
1000,"5.42
2.68
14.63","6.50
2.84
15.29","6.58
3.03
15.84","7.41
3.22
16.63","7.83
3.44
17.40","8.48
3.62
18.33","9.04
3.83
18.98","9.49
4.01
19.71","9.80
4.21
20.35","10.29
4.40
21.20","10.98
4.59
21.83","11.54
4.81
22.49","11.91
5.00
23.09"
1050,"5.70
2.96
14.87","6.84
3.14
15.63","6.92
3.35
16.17","7.79
3.56
17.02","8.23
3.81
17.86","8.92
3.91
18.68","9.51
4.23
19.41","9.98
4.44
20.10","10.30
4.65
20.78","10.82
4.87
21.47","11.55
5.08
22.10","11.91
5.31
22.75","11.91
5.53
23.36"
SPAN= 16500 mm,,,,,,,,,,,,,
DEPTH,D/D,E/D,E/E,F/E,F/F,G/F,G/G,H/G,H/H,K/H,K/K,L/K,L/L
550,,"3.16
0.70
11.76","3.20
0.75
12.35","3.60
0.79
12.88","3.81
0.85
13.63","4.12
0.89
14.25","4.40
0.94
15.02","4.61
0.99
15.65","4.76
1.04
16.33","5.00
1.09
16.88","5.34
1.13
17.68","5.61
1.19
18.35","6.16
1.23
19.01"
600,,"3.50
0.86
11.90","3.55
0.92
12.50","3.99
0.97
13.08","4.22
1.04
13.78","4.57
1.10
14.40","4.87
1.16
15.22","5.11
1.22
15.85","5.28
1.27
16.48","5.54
1.33
17.28","5.92
1.39
18.08","6.22
1.46
18.69","6.82
1.51
19.46"
650,"3.18
0.96
12.04","3.82
1.02
12.69","3.86
1.09
13.22","4.35
1.15
13.92","4.59
1.23
14.59","4.98
1.30
15.56","5.30
1.37
16.19","5.57
1.44
16.89","5.75
1.51
17.44","6.04
1.58
18.25","6.44
1.65
18.91","6.77
1.73
19.63","7.43
1.79
20.21"
700,"3.44
1.12
12.50","4.13
1.19
13.15","4.18
1.27
13.68","4.70
1.35
14.43","4.97
1.44
15.05","5.38
1.52
15.90","5.74
1.60
16.53","6.03
1.68
17.16","6.22
1.76
17.77","6.53
1.85
18.64","6.97
1.93
19.25","7.33
2.02
19.91","8.04
2.10
20.54"
750,"3.70
1.30
12.73","4.44
1.38
13.38","4.49
1.47
13.91","5.06
1.56
14.61","5.35
1.67
15.31","5.79
1.76
16.08","6.17
1.86
16.77","6.48
1.95
17.47","6.69
2.04
18.15","7.02
2.14
18.84","7.50
2.23
19.44","7.88
2.33
20.10","8.65
2.43
20.81"
800,"3.98
1.51
12.93","4.78
1.60
13.58","4.84
1.70
14.11","5.45
1.81
14.89","5.76
1.94
15.57","6.24
2.04
16.42","6.65
2.15
17.06","6.98
2.26
17.81","7.20
2.37
18.36","7.57
2.48
19.05","8.08
2.58
19.79","8.49
2.71
20.77","9.32
2.81
21.46"
850,"4.24
1.71
13.66","5.10
1.81
14.33","5.16
1.93
14.86","5.81
2.05
15.69","6.13
2.20
16.39","6.65
2.31
17.10","7.08
2.44
17.74","7.44
2.56
18.50","7.67
2.68
19.13","8.06
2.81
19.88","8.60
2.93
20.49","9.04
3.07
21.26","9.92
3.19
21.90"
900,"4.50
1.92
13.88","5.41
2.04
14.56","5.47
2.18
15.15","6.16
2.31
16.00","6.51
2.47
16.62","7.05
2.60
17.34","7.52
2.75
18.19","7.89
2.88
18.81","8.14
3.02
19.43","8.55
3.16
20.12","9.13
3.30
20.85","9.60
3.45
21.50","10.53
3.59
22.38"
950,"4.76
2.15
14.19","5.72
2.28
14.94","5.79
2.43
15.54","6.52
2.58
16.23","6.89
2.77
16.86","7.46
2.91
17.66","7.95
3.07
18.43","8.35
3.22
19.25","8.61
3.38
19.80","9.05
3.54
20.49","9.66
3.69
21.19","10.15
3.86
22.06","11.14
4.01
22.64"
1000,"5.02
2.39
14.42","6.03
2.54
15.24","6.11
2.71
15.77","6.87
2.87
16.56","7.26
3.08
17.19","7.87
3.24
18.04","8.38
3.42
18.88","8.80
3.58
19.50","9.08
3.76
20.06","9.54
3.93
20.83","10.19
4.10
21.66","10.70
4.29
22.32","11.68
4.47
22.90"
1050,"5.28
2.64
14.82","6.34
2.80
15.48","6.42
2.99
16.01","7.23
3.18
16.81","7.64
3.40
17.50","8.27
3.49
18.49","8.82
3.78
19.13","9.26
3.96
19.85","9.55
4.15
20.47","10.03
4.35
21.23","10.71
4.53
21.93","11.25
4.75
22.59","11.68
4.94
23.17"
SPAN = 17100 mm,,,,,,,,,,,,,
DEPTH,D/D,E/D,E/E,F/E,F/F,G/F,G/G,H/G,H/H,K/H,K/K,L/K,L/L
600,,"3.26
0.77
12.04","3.30
0.82
12.64","3.71
0.87
13.24","3.92
0.93
13.94","4.25
0.98
14.63","4.53
1.04
15.35","4.76
1.09
16.01","4.91
1.14
16.64","5.15
1.20
17.47","5.50
1.25
18.25","5.78
1.31
18.88","6.35
1.36
19.60"
650,"2.96
0.86
12.18","3.55
0.91
12.83","3.59
0.97
13.38","4.04
1.03
14.08","4.27
1.11
14.78","4.63
1.16
15.70","4.93
1.23
16.43","5.18
1.29
17.06","5.34
1.35
17.69","5.61
1.42
18.42","5.99
1.48
19.12","6.30
1.55
19.77","6.91
1.61
20.38"
700,"3.20
1.01
12.60","3.84
1.07
13.25","3.89
1.14
13.80","4.37
1.21
14.56","4.62
1.29
15.21","5.01
1.36
15.99","5.34
1.44
16.70","5.60
1.51
17.37","5.78
1.58
17.96","6.07
1.66
18.71","6.48
1.73
19.35","6.81
1.81
20.00","7.48
1.88
20.82"
750,"3.44
1.17
12.83","4.13
1.23
13.48","4.18
1.32
14.03","4.70
1.40
14.73","4.97
1.50
15.46","5.39
1.57
16.22","5.74
1.66
17.01","6.03
1.75
17.63","6.22
1.83
18.21","6.53
1.92
18.90","6.97
2.00
19.53","7.33
2.09
20.41","8.04
2.18
21.07"
800,"3.70
1.35
13.03","4.45
1.43
13.68","4.50
1.53
14.23","5.07
1.62
15.07","5.35
1.74
15.72","5.80
1.83
16.55","6.18
1.93
17.22","6.49
2.02
17.84","6.70
2.12
18.42","7.03
2.22
19.18","7.51
2.31
20.03","7.89
2.43
20.69","8.66
2.52
21.68"
850,"3.95
1.53
13.70","4.74
1.62
14.38","4.80
1.73
14.99","5.40
1.84
15.77","5.70
1.97
16.47","6.18
2.07
17.18","6.59
2.19
17.84","6.92
2.29
18.61","7.13
2.41
19.19","7.49
2.52
20.04","8.00
2.63
20.67","8.41
2.75
21.38","9.23
2.86
22.20"
900,"4.19
1.72
13.92","5.03
1.83
14.66","5.09
1.95
15.21","5.73
2.07
16.05","6.05
2.22
16.69","6.56
2.33
17.49","6.99
2.46
18.22","7.34
2.58
19.01","7.57
2.71
19.59","7.95
2.84
20.33","8.49
2.96
21.05","8.92
3.10
21.77","9.79
3.22
22.51"
950,"4.43
1.93
14.23","5.32
2.04
14.97","5.38
2.18
15.52","6.06
2.32
16.28","6.40
2.48
17.01","6.94
2.61
17.79","7.39
2.76
18.63","7.76
2.89
19.31","8.01
3.03
19.89","8.41
3.17
20.66","8.98
3.31
21.36","9.44
3.46
22.16","10.36
3.60
22.77"
1000,"4.67
2.14
14.52","5.61
2.27
15.26","5.68
2.43
15.81","6.39
2.58
16.67","6.75
2.76
17.32","7.32
2.90
18.15","7.80
3.06
18.94","8.19
3.21
19.65","8.45
3.37
20.23","8.87
3.53
21.04","9.47
3.68
21.77","9.95
3.85
22.42","10.92
4.01
23.09"
1050,"4.91
2.37
14.84","5.90
2.51
15.59","5.97
2.68
16.21","6.72
2.85
16.91","7.10
3.05
17.56","7.69
3.13
18.62","8.20
3.39
19.28","8.61
3.55
19.97","8.88
3.73
20.62","9.33
3.90
21.39","9.96
4.06
22.03","10.46
4.26
22.68","11.03
4.43
23.52"
SPAN = 17700 mm,,,,,,,,,,,,,
DEPTH,D/D,E/D,E/E,F/E,F/F,G/F,G/G,H/G,H/H,K/H,K/K,L/K,L/L
600,,"3.04
0.69
11.92","3.07
0.74
12.51","3.46
0.78
13.09","3.66
0.84
13.79","3.96
0.88
14.42","4.22
0.93
15.18","4.43
0.98
15.87","4.57
1.03
16.50","4.80
1.08
17.06","5.13
1.12
17.99","5.39
1.18
18.76","5.92
1.22
19.41"
650,,"3.31
0.82
12.11","3.35
0.88
12.70","3.77
0.93
13.23","3.98
1.00
13.93","4.31
1.05
14.81","4.60
1.11
15.58","4.83
1.16
16.22","4.98
1.22
16.91","5.23
1.28
17.47","5.59
1.33
18.31","5.87
1.39
18.99","6.44
1.45
19.65"
700,"2.98
0.91
12.51","3.58
0.96
13.16","3.62
1.03
13.69","4.08
1.09
14.44","4.31
1.17
15.07","4.67
1.23
15.78","4.97
1.29
16.55","5.22
1.36
17.22","5.39
1.42
17.78","5.66
1.49
18.47","6.04
1.55
19.26","6.35
1.63
19.91","6.97
1.69
20.50"
750,"3.21
1.05
12.74","3.85
1.11
13.33","3.90
1.19
13.92","4.39
1.26
14.62","4.63
1.35
15.25","5.02
1.42
16.03","5.35
1.50
16.78","5.62
1.57
17.40","5.80
1.65
18.03","6.09
1.72
18.83","6.50
1.80
19.45","6.83
1.88
20.10","7.50
1.96
20.86"
800,"3.45
1.22
12.94","4.15
1.29
13.59","4.20
1.38
14.12","4.72
1.46
14.89","4.99
1.56
15.57","5.41
1.64
16.35","5.76
1.74
17.06","6.05
1.82
17.68","6.24
1.91
18.24","6.56
2.00
19.05","7.00
2.08
19.73","7.36
2.18
20.50","8.07
2.27
21.08"
850,"3.68
1.38
13.66","4.42
1.46
14.25","4.47
1.56
14.79","5.03
1.66
15.62","5.32
1.77
16.25","5.76
1.86
17.10","6.14
1.97
17.74","6.45
2.07
18.36","6.65
2.17
19.12","6.99
2.27
19.86","7.46
2.36
20.53","7.84
2.48
21.19","8.60
2.58
21.82"
900,"3.90
1.55
13.88","4.69
1.65
14.61","4.74
1.76
15.15","5.34
1.86
15.98","5.64
2.00
16.61","6.11
2.10
17.33","6.52
2.22
18.04","6.84
2.33
18.85","7.06
2.44
19.41","7.41
2.55
20.16","7.92
2.66
20.77","8.32
2.79
21.48","9.13
2.90
22.21"
950,"4.13
1.74
14.10","4.96
1.84
14.84","5.02
1.96
15.37","5.65
2.09
16.22","5.97
2.23
16.84","6.47
2.35
17.70","6.89
2.48
18.34","7.24
2.60
19.09","7.47
2.73
19.72","7.84
2.85
20.46","8.37
2.98
21.15","8.80
3.12
21.81","9.66
3.24
22.60"
1000,"4.36
1.93
14.48","5.23
2.05
15.16","5.29
2.18
15.69","5.96
2.32
16.45","6.29
2.48
17.23","6.82
2.61
17.94","7.27
2.76
18.71","7.63
2.89
19.46","7.87
3.03
20.11","8.27
3.17
20.79","8.83
3.31
21.46","9.28
3.47
22.27","10.18
3.61
22.86"
1050,"4.58
2.13
14.71","5.50
2.26
15.46","5.57
2.42
15.99","6.26
2.56
16.85","6.62
2.74
17.47","7.17
2.82
18.38","7.64
3.05
19.18","8.02
3.20
19.80","8.28
3.35
20.36","8.70
3.51
21.11","9.28
3.66
21.88","9.76
3.83
22.53","10.71
3.99
23.25"
SPAN = 18300 mm,,,,,,,,,,,,,
DEPTH,D/D,E/D,E/E,F/E,F/F,G/F,G/G,H/G,H/H,K/H,K/K,L/K,L/L
650,,"3.09
0.74
12.24","3.13
0.79
12.83","3.52
0.84
13.39","3.72
0.90
14.13","4.03
0.95
14.79","4.30
1.00
15.71","4.51
1.05
16.38","4.66
1.10
17.11","4.89
1.15
17.70","5.22
1.20
18.42","5.49
1.26
19.12","6.02
1.31
19.78"
700,,"3.34
0.87
12.66","3.38
0.93
13.25","3.81
0.98
13.86","4.03
1.05
14.56","4.36
1.11
15.21","4.65
1.17
16.04","4.88
1.23
16.71","5.04
1.29
17.33","5.29
1.35
18.02","5.65
1.40
18.71","5.93
1.47
19.34","6.51
1.53
20.11"
750,"3.00
0.95
12.83","3.60
1.00
13.48","3.64
1.07
14.04","4.10
1.14
14.74","4.33
1.22
15.39","4.69
1.28
16.22","5.00
1.35
16.89","5.25
1.42
17.62","5.42
1.49
18.21","5.69
1.56
18.89","6.07
1.62
19.58","6.38
1.70
20.30","7.01
1.77
21.06"
800,"3.23
1.10
13.03","3.87
1.16
13.68","3.92
1.24
14.24","4.41
1.32
15.06","4.66
1.41
15.71","5.05
1.48
16.54","5.39
1.57
17.21","5.65
1.64
17.83","5.83
1.72
18.47","6.13
1.81
19.23","6.54
1.88
19.86","6.87
1.97
20.67","7.55
2.05
21.28"
850,"3.44
1.25
13.70","4.13
1.32
14.29","4.18
1.41
14.98","4.70
1.50
15.68","4.97
1.60
16.40","5.38
1.68
17.17","5.74
1.78
17.89","6.02
1.87
18.59","6.22
1.96
19.17","6.53
2.05
19.85","6.97
2.13
20.65","7.32
2.24
21.30","8.04
2.33
22.09"
900,"3.65
1.40
13.92","4.38
1.49
14.65","4.43
1.59
15.20","4.99
1.68
15.98","5.27
1.80
16.68","5.71
1.90
17.45","6.09
2.00
18.19","6.39
2.10
18.82","6.60
2.20
19.40","6.93
2.31
20.25","7.40
2.40
21.01","7.77
2.52
21.67","8.53
2.62
22.41"
950,"3.86
1.57
14.20","4.63
1.66
14.95","4.69
1.77
15.51","5.28
1.88
16.32","5.58
2.02
17.05","6.04
2.12
17.76","6.44
2.24
18.43","6.76
2.35
19.22","6.98
2.46
19.80","7.33
2.58
20.62","7.82
2.69
21.26","8.22
2.82
21.97","9.02
2.93
22.78"
1000,"4.07
1.74
14.51","4.89
1.85
15.18","4.95
1.97
15.74","5.57
2.09
16.64","5.88
2.24
17.29","6.37
2.36
18.00","6.79
2.49
18.92","7.13
2.61
19.60","7.36
2.74
20.19","7.73
2.87
20.87","8.25
2.99
21.69","8.67
3.13
22.43","9.52
3.26
23.12"
1050,"4.28
1.93
14.82","5.14
2.04
15.53","5.20
2.18
16.18","5.85
2.32
16.88","6.18
2.48
17.53","6.70
2.54
18.39","7.14
2.75
19.23","7.50
2.89
19.86","7.74
3.03
20.50","8.13
3.17
21.31","8.68
3.30
22.04","9.12
3.46
22.78","10.01
3.60
23.51"
